Date,Open,High,Low,Close,Adj Close,Volume,SMA(Open) 10D,SMA(High) 10D,SMA(Low) 10D,SMA(Close) 10D,SMA(Adj Close) 10D,SMA(Volume) 10D
2020-07-06,1805.0,1858.0,1792.099976,1851.800049,1845.862061,21697962.0,1805.0,1858.0,1792.099976,1851.800049,1845.862061,21697962.0
2020-07-07,1860.0,1864.349976,1806.300049,1823.449951,1817.602905,16239990.0,1832.5,1861.174988,1799.2000125,1837.625,1831.732483,18968976.0
2020-07-08,1824.050049,1834.949951,1790.0,1798.0,1792.234497,12093186.0,1829.6833496666666,1852.433309,1796.1333416666666,1824.4166666666667,1818.5664876666667,16677046.0
2020-07-09,1809.0,1835.0,1786.25,1824.25,1818.400391,16807336.0,1824.5125122499999,1848.07498175,1793.66250625,1824.375,1818.5249635,16709618.5
2020-07-10,1828.5,1884.599976,1824.25,1878.050049,1872.027832,20195218.0,1825.3100098,1855.3799806,1799.7800049999998,1835.1100098,1829.2255372,17406738.4
2020-07-13,1903.349976,1947.699951,1900.0,1935.0,1928.795166,32124262.0,1838.316670833333,1870.7666423333333,1816.4833374999998,1851.7583415,1845.8204753333332,19859659.0
2020-07-14,1934.0,1941.699951,1887.300049,1917.0,1910.852905,31073305.0,1851.9857178571426,1880.8999721428572,1826.6000105714286,1861.0785784285713,1855.1108224285713,21461608.42857143
2020-07-15,1937.949951,1978.800049,1798.0,1844.0,1838.087036,64457578.0,1862.731247,1893.13748175,1823.02500925,1858.943756125,1852.982849125,26836104.625
2020-07-16,1847.0,1869.0,1812.449951,1843.400024,1837.489014,28133826.0,1860.983330666667,1890.4555393333333,1821.8500027777777,1857.2166747777778,1851.2613118888887,26980295.888888888
2020-07-17,1845.0,1920.0,1838.0,1911.699951,1905.569824,22948894.0,1859.3849976000001,1893.4099854,1823.4650024999999,1862.6650023999998,1856.6921631,26577155.7
2020-07-20,1917.800049,1932.0,1899.650024,1919.900024,1913.743652,16887635.0,1870.6650025,1900.8099854,1834.2200073,1869.4749999,1863.4803221999998,26096123.0
2020-07-21,1939.0,1977.0,1936.5,1971.550049,1965.228027,19463004.0,1878.5650025,1912.0749878,1847.2400024000003,1884.2850096999998,1878.2428344,26418424.4
2020-07-22,1983.0,2010.0,1960.699951,2004.0,1997.573975,27584518.0,1894.4599975999997,1929.5799927,1864.3099975,1904.8850097,1898.7767821999998,27967557.6
2020-07-23,2003.949951,2079.699951,1991.349976,2057.800049,2051.201416,26921017.0,1913.9549927,1954.0499877999998,1884.8199951000001,1928.2400146,1922.0568847,28978925.7
2020-07-24,2058.0,2163.0,2057.800049,2146.149902,2139.268066,55655668.0,1936.9049927,1981.8899901999998,1908.175,1955.0499998999999,1948.7809081,32524970.7
2020-07-27,2178.800049,2198.800049,2127.899902,2156.199951,2149.285889,37060665.0,1964.45,2007.0,1930.9649902,1977.1699949999997,1970.8299804000003,33018611.0
2020-07-28,2156.199951,2194.0,2150.649902,2177.699951,2170.716797,25435297.0,1986.6699951000003,2032.2300049,1957.2999755,2003.2399900999997,1996.8163696,32454810.2
2020-07-29,2177.899902,2182.800049,2070.449951,2096.649902,2089.926758,33534147.0,2010.6649901999997,2052.6300049,1984.5449706,2028.5049802999997,2022.0003418000001,29362467.1
2020-07-30,2099.0,2139.699951,2072.0,2108.850098,2102.087891,33623699.0,2035.8649901999997,2079.7,2010.4999755000001,2055.0499877,2048.4602295,29911454.4
2020-07-31,2114.5,2129.0,2052.800049,2067.100098,2060.47168,34593133.0,2062.8149901999996,2100.6,2031.9799804000002,2070.5900024000002,2063.9504151,31075878.3
2020-08-03,2051.300049,2057.0,2003.099976,2009.0,2002.557861,21559142.0,2076.1649902,2113.1,2042.3249755999998,2079.5,2072.8318360000003,31543029.0
2020-08-04,2020.599976,2167.0,2000.25,2150.600098,2143.703857,42476932.0,2084.3249878,2132.1,2048.6999755999996,2097.4050049,2090.679419,33844421.8
2020-08-05,2169.0,2196.0,2118.300049,2126.449951,2119.631348,34404810.0,2102.9249878,2150.7,2064.4599854,2109.65,2102.8851563,34526451.0
2020-08-06,2157.0,2167.699951,2107.800049,2134.100098,2127.256836,22762545.0,2118.2299927,2159.5,2076.1049927,2117.2800049,2110.4906983,34110603.8
2020-08-07,2129.800049,2157.800049,2120.199951,2146.449951,2139.567139,15222303.0,2125.4099975999998,2158.9800049,2082.3449829,2117.3100098,2110.5206056,30067267.3
2020-08-10,2159.100098,2165.0,2108.100098,2119.850098,2113.05249,12441573.0,2123.4400025000004,2155.6,2080.3650024999997,2113.6750245,2106.8972657000004,27605358.1
2020-08-11,2134.800049,2160.0,2100.350098,2133.800049,2126.957764,21611256.0,2121.3000122999997,2152.2,2075.3350221,2109.2850343,2102.5213624,27222954.0
2020-08-12,2121.0,2145.0,2106.800049,2127.600098,2120.777832,13967116.0,2115.6100221,2148.4199951,2078.9700319,2112.3800539,2105.6064698,25266250.9
2020-08-13,2128.0,2138.899902,2110.0,2122.050049,2115.245361,11459190.0,2118.5100221000002,2148.3399902,2082.7700319,2113.700049,2106.9222168,23049800.0
2020-08-14,2122.550049,2157.0,2089.25,2113.800049,2107.021973,15333164.0,2119.315027,2151.1399902000003,2086.415027,2118.3700440999996,2111.5772460999997,21123803.1
2020-08-17,2105.0,2105.0,2070.100098,2091.350098,2084.644043,14296834.0,2124.6850221,2155.9399902,2093.1150392,2126.6050539,2119.7858643,20397572.3
2020-08-18,2085.0,2134.300049,2082.350098,2118.550049,2111.756592,14097746.0,2131.1250245,2152.6699951,2101.325049,2123.400049,2116.5911378,17559653.7
2020-08-19,2141.0,2154.0,2121.350098,2131.550049,2124.715088,15731396.0,2128.3250245,2148.4699951,2101.6300539,2123.9100588,2117.0995118,15692312.3
2020-08-20,2120.0,2123.899902,2088.0,2097.050049,2090.325684,10401212.0,2124.6250245,2144.0899902,2099.650049,2120.2050538999997,2113.4063966000003,14456179.0
2020-08-21,2118.0,2122.0,2077.0,2081.850098,2075.174316,11667129.0,2123.4450196000003,2140.5099853,2095.3300539,2113.7450686,2106.9671143000005,14100661.6
2020-08-24,2091.399902,2104.5,2070.5,2095.75,2089.029785,15098991.0,2116.675,2134.4599853,2091.5700441,2111.3350588000003,2104.5648438,14366403.4
2020-08-25,2106.0,2111.300049,2078.0,2082.100098,2075.423584,8947563.0,2113.7949951,2129.5899902,2089.3350342999997,2106.1650637,2099.4114258,13100034.1
2020-08-26,2085.0,2147.949951,2047.0,2137.300049,2130.446533,27630190.0,2110.1949951,2129.8849853,2083.3550294,2107.1350588,2100.3782959,14466341.5
2020-08-27,2148.0,2150.0,2103.25,2110.600098,2103.832275,12961252.0,2112.1949951,2130.9949951,2082.6800294,2105.9900637,2099.2369873,14616547.7
2020-08-28,2120.0,2132.899902,2106.25,2116.149902,2109.364258,12537520.0,2111.9399901999996,2128.5849853,2084.3800294000002,2106.225049,2099.4712158,14336983.3
2020-08-31,2174.0,2174.0,2060.350098,2080.699951,2074.028076,28648125.0,2118.8399901999996,2135.4849853,2083.4050294,2105.1600343,2098.4096191,15772112.4
2020-09-01,2100.0,2122.399902,2062.399902,2087.25,2080.556885,17821397.0,2120.3399901999996,2134.2949706000004,2081.4100098,2102.0300294,2095.2896484000003,16144477.5
2020-09-02,2092.0,2138.0,2085.0,2128.199951,2121.375732,12437162.0,2115.4399901999996,2132.6949706000005,2077.775,2101.6950196,2094.9557128,15815054.1
2020-09-03,2128.0,2138.75,2103.0,2112.100098,2105.327393,8577634.0,2116.2399901999997,2134.1799804,2079.275,2103.2000245000004,2096.4558837,15632696.3
2020-09-04,2083.550049,2096.949951,2072.199951,2077.25,2070.589111,13141644.0,2112.7949951,2131.6749755,2078.7949951,2102.7400147,2095.9973631999997,15780147.8
2020-09-07,2084.0,2105.75,2044.25,2082.649902,2075.97168,10119064.0,2112.0550049,2131.7999755,2076.1699951,2101.4300049,2094.6915527,15282155.1
2020-09-08,2092.0,2121.0,2080.5,2107.100098,2100.343506,12643749.0,2110.6550048999998,2132.7699706,2076.4199951,2103.9300049000003,2097.1835449,15651773.7
2020-09-09,2085.0,2167.800049,2081.449951,2161.350098,2154.419434,25525961.0,2110.6550048999998,2134.7549804,2079.8649902,2106.3350098,2099.580835,15441350.8
2020-09-10,2183.100098,2344.949951,2175.350098,2314.0,2306.579834,64750460.0,2114.1650146999996,2154.2499755,2087.075,2126.675,2119.8555909,20620271.6
2020-09-11,2312.0,2337.850098,2287.100098,2319.75,2312.311523,27445768.0,2133.3650147,2174.7449951,2105.1600098,2147.0350098,2140.1503174,22111096.4
2020-09-14,2325.0,2360.0,2282.0,2302.550049,2295.166748,20335273.0,2148.4650147,2193.3449951,2127.325,2169.2200196,2162.2641846,21279811.2
2020-09-15,2311.949951,2325.75,2288.149902,2318.850098,2311.414551,12542824.0,2169.6600098000004,2213.6800049,2149.9,2192.3800294000002,2185.3499512,20751953.9
2020-09-16,2320.0,2369.350098,2310.550049,2324.550049,2317.096191,15668979.0,2192.4600098,2236.8150147,2172.4550049,2212.0150392,2204.9219970999998,21075135.6
2020-09-17,2320.0,2333.699951,2291.850098,2298.75,2291.378906,11919927.0,2211.6600098000004,2256.3100098,2191.3400147,2230.6800293999995,2223.5271483999995,21409364.9
2020-09-18,2314.25,2319.449951,2276.550049,2305.699951,2298.306396,15264068.0,2234.7300049,2278.5600098,2211.7750244999997,2253.5250244999997,2246.2988769000003,21621607.3
2020-09-21,2300.0,2336.0,2247.350098,2255.850098,2248.616455,15519031.0,2256.3300049,2301.5850098,2232.0850343,2270.8450441,2263.5633544,22161604.0
2020-09-22,2277.0,2277.0,2201.550049,2211.149902,2204.05957,16056620.0,2274.8300049,2317.1850098,2244.1900392,2281.2500245,2273.9349607999998,22502891.1
2020-09-23,2260.0,2276.75,2205.300049,2230.800049,2223.646729,19839282.0,2292.3300049,2328.0800049,2256.575049,2288.1950196,2280.8576903,21934223.2
2020-09-24,2207.899902,2226.0,2176.050049,2181.199951,2174.205811,13764841.0,2294.8099853,2316.1850098,2256.6450441,2274.9150147,2267.6202879999996,16835661.3
2020-09-25,2189.0,2212.800049,2167.300049,2201.699951,2194.639893,13095028.0,2282.5099853,2303.6800049000003,2244.6650392,2263.1100097999997,2255.853125,15400587.3
2020-09-28,2227.0,2238.0,2207.050049,2216.25,2209.143311,9076248.0,2272.7099853,2291.4800049,2237.1700441000003,2254.4800048999996,2247.2507812999997,14274684.8
2020-09-29,2225.0,2264.0,2216.25,2245.050049,2237.851074,11926328.0,2264.0149902,2285.3050049000003,2229.9800539,2247.1,2239.8944336,14213035.2
2020-09-30,2260.0,2267.0,2225.0,2234.350098,2227.185303,11290667.0,2258.0149902,2275.0699951,2221.425049,2238.0800049,2230.9033448,13775204.0
2020-10-01,2263.800049,2263.800049,2214.0,2225.25,2218.114502,9591456.0,2252.3949951,2268.0800049,2213.6400392,2230.7300049,2223.5769044,13542356.9
2020-10-05,2244.0,2249.149902,2206.0,2212.199951,2205.106201,8732869.0,2245.3699951,2261.05,2206.5850343,2221.3800048999997,2214.2568849000004,12889237.0
2020-10-06,2225.25,2233.899902,2201.649902,2210.350098,2203.262451,8497216.0,2237.8949951,2250.8399902,2202.0150147,2216.8300049,2209.7214845,12187055.5
2020-10-07,2235.0,2309.0,2220.0,2257.5,2250.260986,24538346.0,2233.6949950999997,2254.0399902,2203.8600098,2221.4650147,2214.3416261,13035228.1
2020-10-08,2259.0,2268.0,2222.100098,2239.25,2232.06958,9727405.0,2233.5949951,2253.1649902,2205.5400147,2222.3100098000004,2215.1839112000002,12024040.4
2020-10-09,2235.0,2253.0,2217.100098,2233.449951,2226.288086,8558745.0,2236.3050049,2255.8649902,2209.6450196,2227.5350098,2220.3921387,11503430.8
2020-10-12,2235.0,2255.75,2226.25,2237.050049,2229.876709,6565515.0,2240.9050048999998,2260.1599853,2215.5400147,2231.0700196000003,2223.9158203,10850479.5
2020-10-13,2230.600098,2285.75,2225.850098,2280.699951,2273.386719,10666190.0,2241.2650146999995,2264.9349853,2217.4200195999997,2237.5150147,2230.3401611,11009473.7
2020-10-14,2278.899902,2304.0,2268.5,2287.5,2280.164795,12341434.0,2246.6550049,2268.9349853,2222.6450195999996,2241.7600098,2234.5715332,11050984.3
2020-10-15,2290.0,2290.0,2195.0,2206.5,2199.424561,9246702.0,2249.6550048999998,2271.2349853,2219.6450195999996,2238.975,2231.795459,10846587.8
2020-10-16,2215.0,2232.5,2172.649902,2175.800049,2168.822998,9960828.0,2244.775,2268.1049804000004,2215.5100098,2234.0300049,2226.8663086,10883525.0
2020-10-19,2190.050049,2228.699951,2155.149902,2176.199951,2169.22168,14398973.0,2239.3800049,2266.0599853,2210.425,2230.4300049000003,2223.2778565,11450135.4
2020-10-20,2179.0,2193.0,2152.25,2155.899902,2148.986816,8529573.0,2234.7550049,2261.9699951,2205.4850098,2224.9849853,2217.850293,11453371.1
2020-10-21,2168.0,2192.0,2097.75,2124.600098,2117.787354,15728986.0,2228.0550049000003,2250.2699951,2193.2600098000003,2211.6949950999997,2204.6029298,10572435.1
2020-10-22,2127.399902,2132.5,2091.0,2106.949951,2100.193848,14215215.0,2214.8949951000004,2236.7199951,2180.15,2198.4649901999996,2191.4153566,11021216.1
2020-10-23,2106.0,2135.0,2096.399902,2113.050049,2106.274414,10809307.0,2201.9949951000003,2224.9199951,2168.0799804000003,2186.425,2179.4139894,11246272.3
2020-10-26,2101.949951,2101.949951,2018.5,2029.099976,2022.593384,17225212.0,2188.6899902,2209.5399902,2147.3049804,2165.6299927,2158.6856569,12312242.0
2020-10-27,2034.900024,2059.850098,2005.0,2034.5,2027.976196,16835005.0,2169.1199828,2186.95,2125.2199706,2141.0099976,2134.1446046,12929123.5
2020-10-28,2041.800049,2057.699951,2007.400024,2011.449951,2005.0,13809929.0,2145.4099975,2162.3199950999997,2099.109973,2113.4049927,2106.6281251,13075973.0
2020-10-29,1997.0,2042.0,1991.0,2026.900024,2020.400513,14147418.0,2116.1099975,2137.5199951,2078.709973,2095.4449950999997,2088.7257203,13566044.6
2020-10-30,2033.5,2065.100098,2021.800049,2054.5,2047.911987,15700946.0,2097.9599975,2120.7800049,2063.6249877,2083.3149901999996,2076.6346192,14140056.4
2020-11-02,2027.0,2027.0,1859.150024,1877.449951,1871.429688,45857806.0,2081.6549926,2100.6100098,2034.0249999,2053.4399902,2046.8554200000003,17285939.7
2020-11-03,1890.0,1909.0,1835.099976,1850.400024,1844.466553,40931170.0,2052.7549926,2072.2100098,2002.3099974999998,2022.8900024,2016.4033937,20526099.4
2020-11-04,1837.0,1929.0,1837.0,1913.199951,1907.065063,37003111.0,2019.6549926,2045.9100098000004,1976.2349974999997,2001.7499877000002,1995.3311646000002,22653511.9
2020-11-05,1954.949951,1960.949951,1932.0,1955.0,1948.731079,17170274.0,2002.4099975000001,2028.7550049000001,1960.3349974999996,1986.5549925999999,1980.1848876999998,22949017.8
2020-11-06,1990.0,2040.0,1978.150024,2029.150024,2022.643311,30770080.0,1990.8099974999998,2019.2550049000001,1948.5100097000002,1978.1649901,1971.8217774,24945095.1
2020-11-09,2062.100098,2069.0,2036.0,2050.699951,2044.124146,16539467.0,1986.8250121999997,2015.9600097999999,1950.2600097000002,1980.3249875999998,1973.9748536,24876520.6
2020-11-10,2077.0,2090.0,2041.199951,2084.550049,2077.865723,17045147.0,1991.0350098000004,2018.975,1953.8800048,1985.3299925,1978.9638062999998,24897534.8
2020-11-11,2089.0,2095.0,1978.099976,1997.199951,1990.795654,26178477.0,1995.7550048999997,2022.7050049000002,1950.95,1983.9049925,1977.5433717,26134389.6
2020-11-12,1981.0,2008.449951,1965.0,1980.0,1973.650879,18481466.0,1994.1550048999998,2019.35,1948.35,1979.2149901,1972.8684083,26567794.4
2020-11-13,1982.0,2036.650024,1981.75,1996.400024,1989.998291,20946864.0,1989.0050048999997,2016.5049926,1944.3449951000002,1973.4049925000004,1967.0770387,27092386.2
2020-11-14,,,,,,,1984.7833387777775,2015.3388806666667,1953.811103,1984.0666637777779,1977.7045221111111,25007339.555555556
2020-11-17,2085.0,2085.0,1985.0,1993.25,1986.858398,21479385.0,2006.4500054444443,2034.894436222222,1970.466661222222,1999.9388833333335,1993.525838222222,22846030.111111112
2020-11-18,1993.25,2006.5,1960.099976,1987.199951,1980.827759,14030652.0,2023.8111165555554,2043.5055473333332,1984.1444363333333,2008.1611055555559,2001.7216933333334,20293534.666666668
2020-11-19,1987.199951,2010.449951,1968.199951,1973.150024,1966.822876,12828008.0,2027.394449888889,2049.005547333333,1988.166653111111,2010.177774888889,2003.7318930000001,19811060.666666668
2020-11-20,1975.0,1983.800049,1895.0,1899.5,1893.409058,26522972.0,2025.7277832222223,2042.7611083333331,1978.9277615555557,1995.7722166666665,1989.3725315555555,19339159.777777776
2020-11-23,1951.0,1970.0,1926.25,1950.699951,1944.444824,20918665.0,2013.3833278888887,2031.7611083333334,1966.733317111111,1984.6611055555559,1978.2970513333332,19825737.333333332
2020-11-24,1964.0,1974.0,1932.0,1964.050049,1957.752075,14277083.0,2000.827772333333,2018.8722194444445,1954.5999892222223,1971.2722166666665,1964.9510904444444,19518174.666666668
2020-11-25,1980.0,1992.949951,1942.199951,1947.800049,1941.554199,15062376.0,1988.716661222222,2007.533325111111,1950.6110975555555,1965.7833386666669,1959.4798176666668,18283052.333333332
2020-11-26,1953.050049,1965.0,1930.050049,1952.599976,1946.338745,11924527.0,1985.611111111111,2002.705552777778,1946.7277696666667,1962.7388915555557,1956.4451361111112,17554503.555555556
2020-11-27,1940.5,1956.099976,1921.400024,1929.800049,1923.611938,21845931.0,1981.0,1993.7555474444443,1940.0222167777777,1955.3388943333334,1949.0688746666665,17654399.888888888
2020-12-01,1940.349976,1966.25,1930.050049,1954.900024,1948.63147,9114939.0,1976.9349976,1991.0049927,1939.025,1955.2950073,1949.0251342,16800453.8
2020-12-02,1958.5,1962.0,1935.0,1958.150024,1951.870972,10240168.0,1964.2849976000002,1978.7049927,1934.025,1951.7850097000003,1945.5263916,15676532.1
2020-12-03,1972.0,1981.099976,1958.650024,1964.050049,1957.752075,12822945.0,1962.1599976000002,1976.1649903000002,1933.8800048,1949.4700194999998,1943.2188232,15555761.4
2020-12-04,1969.0,1969.0,1940.0,1946.75,1940.507568,8521388.0,1960.3400025000003,1972.0199951999998,1931.0600097,1946.8300170999998,1940.5872924,15125099.4
2020-12-07,1940.599976,1965.0,1940.599976,1958.199951,1951.920776,8418767.0,1956.9000001,1970.1399903000001,1935.6200073,1952.7000121999997,1946.4384642,13314678.9
2020-12-08,1961.150024,2014.25,1950.0,1993.75,1987.356812,20030506.0,1957.9150025000004,1974.5649903,1937.9950073,1957.0050171000003,1950.729663,13225863.0
2020-12-09,2009.949951,2033.800049,1999.25,2026.949951,2020.450317,13464375.0,1962.5099976000001,1980.5449952000004,1944.7200073,1963.2950073,1956.9994872,13144592.2
2020-12-10,2021.599976,2028.5,2001.0,2007.0,2000.564331,7414229.0,1966.6699952000004,1984.1000001,1950.6000122,1969.2150024000002,1962.9005004000003,12379777.5
2020-12-11,2013.0,2038.0,1974.25,2005.800049,1999.368286,12434745.0,1972.6649903000002,1991.4000001,1955.0200073,1974.5350097000003,1968.2034545,12430799.3
2020-12-14,2007.949951,2015.0,1986.349976,1991.300049,1984.914673,7989830.0,1979.4099854,1997.2900025000004,1961.5150025000003,1980.6850097,1974.333728,11045189.2
2020-12-15,1989.699951,1989.699951,1961.099976,1974.349976,1968.019043,8561406.0,1984.3449828999996,1999.6349976000001,1964.6199952,1982.6300049000001,1976.2724853,10989835.9
2020-12-16,1988.0,1994.949951,1965.699951,1976.550049,1970.212036,8565904.0,1987.2949828999997,2002.9299927,1967.6899902999999,1984.4700074,1978.1065917,10822409.5
2020-12-17,1984.5,2005.0,1977.150024,1985.599976,1979.23291,9346460.0,1988.5449828999997,2005.3199951,1969.5399903000002,1986.6250001,1980.2546752000003,10474761.0
2020-12-18,1980.099976,2004.900024,1965.0,1991.550049,1985.16394,8522215.0,1989.6549805,2008.9099975000001,1972.0399903000002,1991.1050050000001,1984.7203124,10474843.7
2020-12-21,2010.0,2022.0,1855.25,1939.699951,1933.480103,20368545.0,1996.5949829,2014.6099975000002,1963.5049927,1989.2550050000002,1982.8762450999998,11669821.5
2020-12-22,1949.0,1958.900024,1888.449951,1936.699951,1930.489746,12986606.0,1995.3799804999999,2009.0749999,1957.3499877999998,1983.5500000999996,1977.1895385,10965431.5
2020-12-23,1930.0,1951.449951,1920.650024,1943.849976,1937.616821,8999898.0,1987.3849854,2000.8399901,1949.4899902000002,1975.2400026,1968.9061889,10518983.8
2020-12-24,1947.0,1998.800049,1945.900024,1994.150024,1987.755615,9588577.0,1979.9249877999998,1997.8699949999998,1943.9799926,1973.9550049999998,1967.6253172999998,10736418.6
2020-12-28,2006.699951,2018.0,1995.300049,2003.300049,1996.876221,7947719.0,1979.2949828999997,1995.8699950000002,1946.0849975,1973.7050050000003,1967.3761108000003,10287716.0
2020-12-29,2009.0,2012.300049,1982.550049,1990.050049,1983.668701,8589407.0,1979.3999878,1995.5999999000003,1945.7050047999996,1973.5800050000003,1967.2515135999997,10347673.7
2020-12-30,1995.25,2007.199951,1975.550049,1995.5,1989.101196,10173132.0,1979.9549927,1997.3499999,1947.1500121000001,1975.6950074000001,1969.3597289000002,10508846.3
2020-12-31,1993.5,2011.900024,1978.599976,1985.300049,1978.93396,8667516.0,1980.5049927,1999.0450071999999,1948.4400146,1976.5700074000001,1970.2319213000003,10519007.5
2021-01-01,1988.0,1997.0,1982.0,1987.5,1981.126831,4622002.0,1980.8549927,1998.2450072,1948.9250121999999,1976.7600097999998,1970.4213134000001,10046561.7
2021-01-04,1995.099976,1998.900024,1968.0,1990.849976,1984.466064,11312992.0,1982.3549927,1997.6450072,1949.2250121999998,1976.6900025,1970.3515258,10325639.4
2021-01-05,1969.0,1983.599976,1956.0,1966.099976,1959.79541,11132803.0,1978.2549927,1993.8050047999998,1959.3000121999999,1979.3300049999998,1972.9830565,9402065.2
2021-01-06,1965.900024,1966.0,1905.150024,1914.25,1908.111694,21414270.0,1979.9449951,1994.5150024,1960.9700195,1977.0850099000004,1970.7452513,10244831.6
2021-01-07,1920.5,1945.0,1905.150024,1911.150024,1905.021729,14918406.0,1978.9949950999999,1993.8700073,1959.4200194999999,1973.8150147000001,1967.4857421000002,10836682.4
2021-01-08,1918.0,1938.400024,1912.099976,1933.699951,1927.499268,12709792.0,1976.0949950999998,1987.8300048,1956.0400147,1967.7700074,1961.4601074000002,11148803.9
2021-01-11,1938.800049,1938.800049,1892.5,1897.25,1891.16626,15371556.0,1969.3050049,1979.9100096999998,1945.7600097999998,1957.1650025,1950.8891112999997,11891187.6
2021-01-12,1903.0,1960.0,1899.900024,1957.050049,1950.774536,18996047.0,1958.7050049000002,1974.6800047999998,1937.4950073,1953.8650025,1947.5996948,12931851.6
2021-01-13,1963.550049,1974.949951,1918.449951,1938.800049,1932.58313,12284876.0,1955.5350098000004,1971.4550048,1931.7849975000001,1948.1950074000001,1941.9478881999999,13143026.0
2021-01-14,1945.0,1966.900024,1939.050049,1960.599976,1954.31311,9946818.0,1950.6850098000002,1966.9550048,1927.8300047999996,1945.7250001,1939.4858031999997,13270956.2
2021-01-15,1960.599976,1973.800049,1920.050049,1937.449951,1931.237305,9503790.0,1947.9450074000001,1964.6350097000002,1921.6350097,1940.7199952000003,1934.4968506,13759135.0
2021-01-18,1949.099976,1997.0,1923.349976,1983.949951,1977.588257,16198856.0,1943.3450074,1964.4450073,1917.1700073,1940.0299927,1933.8090699,14247721.4
2021-01-19,1994.650024,2031.0,1994.650024,2016.400024,2009.934204,14771048.0,1945.9100098,1969.1850097000001,1921.0350097000003,1945.0599975,1938.8229493000003,14611545.9
2021-01-20,2021.400024,2058.0,2001.400024,2054.699951,2048.111328,14271669.0,1951.4600098000003,1978.3850097000002,1930.6600096999998,1959.1049926,1952.8229127,13897285.8
2021-01-21,2082.0,2120.0,2075.0,2099.399902,2092.667969,18038987.0,1967.6100098000002,1995.8850097000002,1947.6450073,1977.9299803999997,1971.5875367,14209343.9
2021-01-22,2111.0,2115.350098,2035.150024,2049.600098,2043.027832,14090818.0,1986.9100098000004,2013.5800170999998,1959.9500121,1989.5199951000002,1983.1403931,14347446.5
2021-01-25,2034.949951,2034.949951,1932.0,1941.0,1934.776001,25016570.0,1996.525,2023.1950073,1963.9000121000001,1993.8949951000002,1987.5013672,15311947.9
2021-01-27,1925.0,1925.0,1888.0,1895.0,1888.923462,19553809.0,1998.725,2019.6950073,1962.7100097000002,1987.6899902,1981.3162598,15367724.1
2021-01-28,1880.150024,1923.300049,1870.0,1876.550049,1870.532715,15722291.0,1990.3849974999998,2014.5300171,1957.8650146,1981.4649901999996,1975.1112183,15711465.6
2021-01-29,1894.300049,1913.099976,1830.0,1841.949951,1836.043579,20173258.0,1985.3150024,2009.1500123,1946.9600097000002,1969.5999877000002,1963.2842652000004,16734109.6
2021-02-01,1859.400024,1905.0,1848.0,1895.300049,1889.222534,15774504.0,1975.1950072,2002.2700074,1939.7550048,1965.3849974999998,1959.0827881,17361181.0
2021-02-02,1914.25,1940.0,1854.949951,1925.800049,1919.624756,19138414.0,1971.7100096,1996.5700074000001,1932.9150022999997,1959.5700073,1953.2864379999999,17655136.8
2021-02-03,1928.300049,1952.0,1900.0,1930.650024,1924.459229,13984228.0,1965.0750121,1988.6700074,1923.4499999,1950.9950073,1944.7389405,17576454.8
2021-02-04,1924.0,1940.0,1905.0,1924.300049,1918.129517,11826848.0,1955.3350096999998,1976.8700074,1913.8099975,1937.9550170999998,1931.7407594000001,17331972.7
2021-02-05,1930.050049,1944.650024,1920.0,1923.75,1917.581299,9344470.0,1940.1400146,1959.3350097999999,1898.3099975,1920.3900269,1914.2320924000003,16462521.0
2021-02-08,1933.050049,1969.0,1929.050049,1951.449951,1945.192383,9776136.0,1922.3450194999998,1944.7,1887.7,1910.5750121999997,1904.4485474999997,16031052.8
2021-02-09,1961.949951,1989.599976,1952.300049,1956.150024,1949.877441,9047308.0,1915.0450195,1940.1650025000004,1889.7300048999998,1912.0900146,1905.9586915,14434126.6
2021-02-10,1953.75,1984.75,1927.300049,1974.300049,1967.969238,9799560.0,1917.9200195,1946.1400025000003,1893.6600098,1920.0200194999998,1913.8632691000003,13458701.7
2021-02-11,1980.0,2064.199951,1972.25,2055.699951,2049.108154,19631870.0,1927.9050171000004,1960.2299927,1903.8850097999998,1937.9350097000001,1931.720813,13849659.6
2021-02-12,2055.5,2078.0,2015.400024,2041.599976,2035.053345,14074374.0,1944.0250122000002,1976.7199950999998,1922.4250121999999,1957.9000121999998,1951.6217895999998,13239771.2
2021-02-15,2048.050049,2061.300049,2025.0,2032.599976,2026.082275,7287590.0,1962.8900147,1992.35,1940.1250121999997,1971.6300049000001,1965.3077637,12391079.8
2021-02-16,2039.75,2079.399902,2035.0,2059.5,2052.895996,9886093.0,1975.4400147000001,2006.2899901999997,1958.1300170999998,1985.0,1978.6348877,11465847.7
2021-02-17,2060.0,2095.949951,2050.600098,2083.25,2076.569824,10957388.0,1988.6100098,2020.6849852999999,1973.1900268999998,2000.2599976000001,1993.8459472000002,11163163.7
2021-02-18,2085.0,2108.399902,2059.100098,2067.699951,2061.06958,8605531.0,2004.7100097999999,2037.5249754999998,1988.6000367000001,2014.5999877999998,2008.1399535,10841032.0
2021-02-19,2057.0,2104.949951,2053.300049,2080.300049,2073.629395,10800704.0,2017.4050048999998,2053.5549682,2001.9300415999999,2030.2549927,2023.7447631,10986655.4
2021-02-22,2080.0,2089.899902,1994.949951,2008.099976,2001.660767,10985697.0,2032.1,2065.6449584,2008.5200318,2035.9199952000004,2029.3916015000002,11107611.5
2021-02-23,2048.0,2052.899902,2013.599976,2023.449951,2016.961548,11834752.0,2040.7050048999997,2071.9749509999997,2014.6500245,2042.6499878999998,2036.1000122,11386355.9
2021-02-24,2030.0,2065.25,2026.150024,2061.0,2054.391113,4987735.0,2048.3300049,2080.024951,2024.535022,2051.3199830000003,2044.7421996999997,10905173.4
2021-02-25,2076.0,2152.0,2073.0,2144.350098,2137.474121,16085897.0,2057.9300049,2088.8049559,2034.610022,2060.1849976999997,2053.5787964,10550576.1
2021-02-26,2117.0,2133.899902,2070.699951,2085.800049,2079.111816,17297575.0,2064.0800049,2094.3949461,2040.1400147,2064.6050050000003,2057.9846435,10872896.2
2021-03-01,2110.199951,2112.0,2062.5,2101.699951,2094.960693,8159670.0,2070.2949951,2099.4649412,2043.8900147,2071.5150025,2064.8724853,10960104.2
2021-03-02,2122.0,2130.0,2089.100098,2106.0,2099.246826,7915073.0,2078.5199951000004,2104.5249510000003,2049.3000245,2076.1650025,2069.5075683000005,10763002.2
2021-03-03,2121.050049,2219.899902,2107.199951,2202.100098,2195.038818,14733134.0,2084.625,2116.9199461,2054.9600098,2088.0500122999997,2081.3544677,11140576.8
2021-03-04,2180.0,2189.949951,2157.699951,2175.850098,2168.873047,9892597.0,2094.125,2125.0749509999996,2064.8199950999997,2098.8650270000003,2092.1348144,11269283.4
2021-03-05,2156.0,2211.949951,2153.050049,2178.699951,2171.713623,11773630.0,2104.025,2135.7749510000003,2074.7949951,2108.7050172,2101.9432372,11366576.0
2021-03-08,2168.5,2231.899902,2168.0,2191.100098,2184.073975,9002404.0,2112.875,2149.9749509999997,2092.1,2127.0050294,2120.184558,11168246.7
2021-03-09,2200.0,2213.800049,2146.600098,2191.050049,2184.02417,6993792.0,2128.075,2166.0649657000004,2105.4000122,2143.7650392,2136.8908202,10684150.7
2021-03-10,2207.0,2215.100098,2170.25,2181.949951,2174.953369,5316182.0,2145.775,2181.0499755,2119.8100098,2155.8600343,2148.9470458000005,10716995.4
2021-03-12,2195.0,2206.399902,2123.899902,2137.600098,2130.745605,7783173.0,2157.675,2186.4899657,2124.9,2155.1850342999996,2148.2741942000002,9886723.0
2021-03-15,2140.050049,2148.899902,2080.5,2108.899902,2102.137451,7706170.0,2159.9800049,2187.9899657,2125.8800049,2157.4950196,2150.5767577,8927582.5
2021-03-16,2114.0,2126.0,2095.5,2100.600098,2093.864258,6402757.0,2160.3600097999997,2189.3899657,2129.1800049000003,2157.3850343,2150.4671141999997,8751891.2
2021-03-17,2098.050049,2103.0,2035.099976,2055.350098,2048.759277,8865521.0,2157.9650147,2186.6899657000004,2123.7799927,2152.3200441,2145.4183593,8846936.0
2021-03-18,2072.899902,2084.800049,2001.0,2009.099976,2002.657593,9528809.0,2153.15,2173.1799803999997,2113.1599975999998,2133.0200319,2126.1802368,8326503.5
2021-03-19,1991.0,2095.850098,1982.800049,2082.0,2075.32373,19284892.0,2134.25,2163.7699951000004,2095.6700074,2123.6350221,2116.8253051,9265733.0
2021-03-22,2071.0,2074.0,2033.199951,2062.399902,2055.786621,8571196.0,2125.75,2149.975,2083.6849976,2112.0050172,2105.2326049000003,8945489.6
2021-03-23,2061.949951,2109.699951,2056.0,2087.5,2080.806152,8039865.0,2115.0949951000002,2137.7550049,2072.4849975999996,2101.6450074,2094.9058226,8849235.7
2021-03-24,2079.75,2079.75,2040.400024,2047.300049,2040.735107,7763726.0,2103.0699951,2124.35,2061.8649902,2087.2700074,2080.5769163,8926229.1
2021-03-25,2054.0,2054.0,1985.0,1991.449951,1985.064087,10153757.0,2087.7699951000004,2108.2399902,2043.3399902,2068.2200074,2061.5879881,9409986.6
2021-03-26,2012.0,2013.699951,1973.699951,1994.650024,1988.253906,9313160.0,2069.4699951000002,2088.9699951,2028.3199951,2053.925,2047.3388181999999,9562985.3
2021-03-30,2008.0,2048.899902,1991.550049,2029.300049,2022.792847,9433842.0,2056.2649902000003,2078.9699951,2019.425,2045.9650147,2039.4043578,9735752.5
2021-03-31,2018.0,2049.899902,1999.0,2003.099976,1996.676758,7499740.0,2046.6649902000001,2071.3599853,2009.775,2036.2150024999999,2029.6856078,9845450.8
2021-04-01,2018.0,2030.0,2003.150024,2021.849976,2015.366699,5410307.0,2038.6599853,2064.0599853,2006.5800048,2032.8649902999998,2026.3463500000003,9499929.4
2021-04-05,2024.949951,2025.0,1962.099976,1992.599976,1986.210449,6864856.0,2033.8649902000002,2058.0799804000003,2002.6900024000001,2031.2149903000002,2024.7016356,9233534.1
2021-04-06,2004.0,2004.949951,1969.0,1984.300049,1977.937134,6465241.0,2035.1649902000001,2048.9899656999996,2001.3099975,2021.4449952000002,2014.962976,7951569.0
2021-04-07,2000.0,2046.900024,1993.300049,2002.849976,1996.427612,11198918.0,2028.0649902,2046.2799681000001,1997.3200073,2015.4900026,2009.0270750999996,8214341.2
2021-04-08,2011.0,2022.0,1993.0,2005.349976,1998.919556,7092878.0,2022.9699950999998,2037.5099730000002,1991.0200073,2007.2750002,2000.8384154999999,8119642.5
2021-04-09,1998.449951,2006.349976,1980.0,1982.050049,1975.694336,6478482.0,2014.8399901999996,2030.1699706,1984.9800048999998,2000.7500002000002,1994.3343384,7991118.1
2021-04-12,1959.0,1961.400024,1900.25,1911.150024,1905.021729,9646031.0,2005.3399901999996,2020.9099730000003,1976.5050048999997,1992.7200075,1986.3301026000001,7940345.5
2021-04-13,1924.0,1940.599976,1917.849976,1931.800049,1925.605469,8958261.0,1996.5399901999997,2013.5999755,1970.9200074,1986.4350099999997,1980.0652589000001,7904855.6
2021-04-15,1926.300049,1961.0,1913.0,1944.300049,1938.06543,9102492.0,1988.3699950999999,2004.8099852999999,1963.0650025,1977.93501,1971.5925172,7871720.6
2021-04-16,1936.599976,1949.900024,1926.449951,1932.099976,1925.904541,7225679.0,1980.2299927,1994.8099975,1955.8099975999999,1970.83501,1964.5152955,7844314.5
2021-04-19,1904.0,1916.400024,1890.0,1901.699951,1895.601929,8527967.0,1968.8299927,1983.4499999,1944.4949952,1958.8200075,1952.5388185,8156080.5
2021-04-20,1910.5,1919.0,1890.449951,1901.150024,1895.053833,7939490.0,1957.3849976000001,1972.8499999,1937.3299927,1949.6750122999997,1943.4231568999999,8263543.9
2021-04-22,1892.25,1914.449951,1876.699951,1906.400024,1900.286987,6687573.0,1946.2099976000002,1963.7999998999999,1928.0999877999998,1941.8850097999998,1935.6581422000004,8285777.1
2021-04-23,1906.0,1918.900024,1895.349976,1904.349976,1898.243408,5459016.0,1936.8099976,1950.9999999,1918.3049805000003,1932.0350098000004,1925.8397218000002,7711786.9
2021-04-26,1920.0,1962.0,1911.5,1937.849976,1931.635986,9620785.0,1927.7099976000002,1944.9999999,1910.1549805000002,1925.2850098,1919.1113648000003,7964577.6
2021-04-27,1940.0,1997.199951,1938.25,1988.650024,1982.273193,9226547.0,1921.8650025000002,1944.0849974,1905.9799805000002,1925.9450073,1919.7692505,8239384.1
2021-04-28,1997.849976,2008.0,1980.150024,1997.300049,1990.895508,7902002.0,1925.7500001,1948.7449949999998,1913.9699829,1934.5600098,1928.3566284,8064981.2
2021-04-29,2022.900024,2044.5,2007.300049,2024.050049,2017.559692,8035915.0,1935.6400025000003,1959.1349974,1922.9149902000001,1943.7850098,1937.5520506999997,7972746.6
2021-04-30,2008.5,2036.0,1987.550049,1994.5,1988.10437,9150974.0,1943.8599976,1966.6349974,1930.3699950999999,1948.8050049,1942.5559447,7977594.8
2021-05-03,1966.0,1979.0,1943.099976,1959.050049,1952.768188,10909942.0,1946.8,1969.5449949999997,1932.0349976000002,1951.5000121999997,1945.2423094,8346021.1
2021-05-04,1950.0,1967.800049,1911.0,1916.599976,1910.454224,10083693.0,1951.4,1974.6849975,1934.1349976000001,1952.9900147,1946.7275389,8501593.7
2021-05-05,1923.349976,1938.5,1908.050049,1920.099976,1913.942993,5719649.0,1952.6849975999999,1976.6349975,1935.8950074,1954.8850099,1948.6164549,8279609.6
2021-05-06,1921.849976,1935.0,1906.599976,1931.0,1924.807983,6749281.0,1955.6449951999998,1978.6900024000001,1938.8850099,1957.3450075,1951.0685545000001,8285780.4
2021-05-07,1937.75,1955.650024,1926.0,1931.75,1925.555664,5671163.0,1958.8199952,1982.3650023999999,1941.9500122999998,1960.0850099000004,1953.7997801000001,8306995.1
2021-05-10,1939.0,1946.800049,1920.949951,1926.199951,1920.023438,6433879.0,1960.7199951999999,1980.8450073,1942.8950074,1958.9200074,1952.6385253,7988304.5
2021-05-11,1915.0,1938.550049,1910.0,1933.150024,1926.951172,6220217.0,1958.2199951999999,1974.9800171,1940.0700074000001,1953.3700073999996,1947.1063232000001,7687671.5
2021-05-12,1930.099976,1932.900024,1907.0,1913.150024,1907.015259,6081627.0,1951.4449952000002,1967.4700195,1932.7550050000002,1944.9550049000002,1938.7182982999998,7505634.0
2021-05-14,1928.050049,1942.0,1906.0,1937.300049,1931.087891,6134079.0,1941.9599976999998,1957.2200195,1922.6250001,1936.2800048999998,1930.0711182000002,7315450.4
2021-05-17,1937.300049,1963.449951,1930.400024,1960.349976,1954.063843,5479424.0,1934.8400026,1949.9650146,1916.9099976000002,1932.8650025,1926.6670655000003,6948295.4
2021-05-18,1981.0,2002.599976,1972.5,1987.949951,1981.575317,5567958.0,1936.3400026,1952.3250122000002,1919.85,1935.7549927,1929.5477784,6414097.0
2021-05-19,1980.0,2016.449951,1972.0,1997.050049,1990.64624,7530294.0,1939.3400026,1957.1900024,1925.95,1943.8,1937.56698,6158757.1
2021-05-20,1997.900024,2010.900024,1981.0,1985.400024,1979.033569,5271497.0,1946.7950074,1964.4300047999998,1933.2449950999999,1950.3300047999996,1944.0760376000003,6113941.9
2021-05-21,1992.0,2009.599976,1986.0,2002.550049,1996.128662,4977555.0,1953.8100098,1971.8900024,1941.1849975,1957.4850096999999,1951.2081054999999,5936769.3
2021-05-24,2008.0,2009.800049,1982.0,1985.650024,1979.282837,3946636.0,1960.8350097999999,1977.3050049,1946.7849975000001,1962.8750120999998,1956.5808227999999,5764316.6
2021-05-25,1996.400024,1997.0,1960.0,1963.150024,1956.85498,6821015.0,1966.5750121999997,1982.325,1950.6900024,1966.5700194,1960.2639769999998,5803030.2
2021-05-26,1975.0,1979.5,1965.300049,1970.050049,1963.73291,3452113.0,1972.5750121999997,1986.4199951000003,1956.2200073,1970.2600219,1963.9421508,5526219.8
2021-05-27,1970.300049,1993.0,1962.25,1976.099976,1969.763428,12377100.0,1976.5950195,1992.4299927,1961.7450073,1976.5550171,1970.2169677000002,6155767.1
2021-05-28,1990.0,2105.0,1990.0,2094.800049,2088.082764,26060864.0,1982.7900146,2008.7299927,1970.1450073,1992.3050171000002,1985.9164549999998,8148445.6
2021-05-31,2102.0,2191.699951,2085.050049,2160.300049,2153.372803,27285782.0,1999.2600097,2031.5549927,1985.6100098,2012.3000244,2005.847351,10329081.4
2021-06-01,2166.0,2202.0,2146.5,2168.899902,2161.945068,12928379.0,2017.7600097,2051.4949951,2003.0100097999998,2030.3950195000002,2023.8843261000002,11065123.5
2021-06-02,2157.0,2209.5,2157.0,2201.25,2194.191406,11366816.0,2035.4600096999998,2070.8,2021.5100097999998,2050.8150146,2044.2388427,11448775.7
2021-06-03,2221.0,2250.0,2196.100098,2209.649902,2202.564453,11064116.0,2057.7700073,2094.7099976,2043.0200195999998,2073.2400024000003,2066.5919311,12028037.6
2021-06-04,2214.800049,2216.449951,2184.25,2190.5,2183.47583,6677278.0,2080.0500122000003,2115.3949951000004,2062.8450196,2092.0349975,2085.3266479,12198009.9
2021-06-07,2202.0,2242.0,2185.0,2227.399902,2220.257568,7539326.0,2099.4500122,2138.6149901999997,2083.1450195999996,2116.2099853,2109.424121,12557278.9
2021-06-08,2226.600098,2227.149902,2198.149902,2214.600098,2207.498779,4464889.0,2122.4700196000003,2161.6299804,2106.9600098,2141.3549927,2134.4885009,12321666.3
2021-06-09,2219.0,2221.0,2157.949951,2175.0,2168.025635,5265326.0,2146.8700196,2185.7799803999997,2126.225,2161.8499878000002,2154.9177734,12502987.6
2021-06-10,2193.399902,2230.0,2177.550049,2183.0,2176.0,6532832.0,2169.1800049000003,2209.4799804,2147.7550048999997,2182.5399902,2175.5414306,11918560.8
2021-06-11,2182.899902,2228.0,2180.100098,2213.149902,2213.149902,6351520.0,2188.4699951000002,2221.7799803999997,2166.7650147,2194.3749755,2188.0481444,9947626.4
2021-06-14,2215.0,2258.25,2195.050049,2244.899902,2244.899902,9383416.0,2199.7699951000004,2228.4349853,2177.7650147,2202.8349608,2197.2008543,8157389.8
2021-06-15,2261.0,2274.899902,2240.300049,2250.0,2250.0,7002898.0,2209.2699951000004,2235.7249755000003,2187.1450196,2210.9449706,2206.0063475,7564841.7
2021-06-16,2244.899902,2247.050049,2205.850098,2211.600098,2211.600098,4982975.0,2218.0599853,2239.4799804000004,2192.0300294,2211.9799804000004,2207.7472167,6926457.6
2021-06-17,2200.0,2235.0,2179.899902,2215.649902,2215.649902,7266765.0,2215.9599853,2237.9799804000004,2190.4100098,2212.5799804,2209.0557616,6546722.5
2021-06-18,2225.5,2235.0,2184.350098,2225.649902,2225.649902,13553801.0,2217.0299803999997,2239.8349853,2190.4200196,2216.0949706,2213.2731688,7234374.8
2021-06-21,2203.5,2247.5,2200.149902,2237.25,2237.25,5624044.0,2217.1799803999997,2240.3849853,2191.9350098,2217.0799804000003,2214.972412,7042846.6
2021-06-22,2254.0,2261.0,2219.350098,2225.75,2225.75,5940386.0,2219.9199706,2243.7699951000004,2194.0550294,2218.1949706,2216.7975340999997,7190396.3
2021-06-23,2250.0,2250.600098,2201.699951,2205.350098,2205.350098,7685796.0,2223.0199706,2246.7300049,2198.4300293999995,2221.2299804,2220.5299804,7432443.3
2021-06-24,2206.850098,2214.600098,2140.0,2153.5,2153.5,42209687.0,2224.3649901999997,2245.1900147,2194.6750245,2218.2799803999997,2218.2799804,11000128.8
2021-06-25,2153.5,2153.5,2081.100098,2104.449951,2104.449951,25546334.0,2221.425,2237.7400147,2184.7750245,2207.4099853,2207.4099853,12919610.2
2021-06-28,2122.0,2126.5,2081.0,2086.0,2086.0,9357852.0,2212.125,2224.5650147,2173.3700196,2191.5199951000004,2191.5199951,12917053.8
2021-06-29,2089.5,2109.0,2084.100098,2087.800049,2087.800049,12526981.0,2194.975,2207.9750245,2157.7500245,2175.3,2175.3,13469462.1
2021-06-30,2096.25,2122.649902,2091.050049,2110.649902,2110.649902,9120556.0,2180.1100098,2195.5350098,2146.2700195999996,2165.2049804,2165.2049804000003,13883220.2
2021-07-01,2118.0,2123.149902,2095.0,2097.949951,2097.949951,5784627.0,2171.9100098000004,2184.35,2137.7800294,2153.4349853,2153.4349853,13735006.4
2021-07-02,2097.0,2132.899902,2092.949951,2129.050049,2129.050049,6500973.0,2159.0600098000004,2174.1399902,2128.6400147,2143.775,2143.775,13029723.6
2021-07-05,2136.449951,2153.550049,2131.5,2150.199951,2150.199951,5400604.0,2152.3550049,2164.7449951,2121.7750244999997,2135.0699950999997,2135.0699951,13007379.6
2021-07-06,2144.949951,2148.899902,2120.199951,2124.800049,2124.800049,4646312.0,2141.45,2153.5349853,2111.8600097999997,2124.975,2124.975,12877972.2
